title,url,publisher,updated
SBI Mutual Fund - Investor FAQ,https://www.sbimf.com/services/faqs,SBI Mutual Fund,Current public page
SBI Flexicap Fund Factsheet - February 2026,https://www.sbimf.com/docs/default-source/scheme-factsheets/sbi-flexicap-fund-factsheet-february-2026.pdf?sfvrsn=583b8e9e_2,SBI Mutual Fund,28 Feb 2026
SBI ELSS Tax Saver Fund Factsheet - February 2026,https://www.sbimf.com/docs/default-source/scheme-factsheets/sbi-elss-tax-saver-fund-factsheet-february-2026.pdf?sfvrsn=1c3c7545_2,SBI Mutual Fund,28 Feb 2026
SBI Mutual Fund Total Expense Ratios - February 2026,https://www.sbimf.com/docs/default-source/scheme-factsheets/all-sbimf-schemes-factsheet-february-2026.pdf?sfvrsn=94669a9a_4,SBI Mutual Fund,28 Feb 2026
SBI Mutual Fund - Ways to Invest,https://www.sbimf.com/ways-to-invest,SBI Mutual Fund,Current public page
SBI Mutual Fund - Smart Statement,https://www.sbimf.com/smart-statement,SBI Mutual Fund,Current public page
SBI Mutual Fund - Mutual Fund NAV,https://www.sbimf.com/mutual-fund-nav,SBI Mutual Fund,Current public page
SEBI Investor - Understanding the Riskometer,https://investor.sebi.gov.in/riskometer.html,SEBI,Current public page
SBI Mutual Fund - ELSS Tax Saver Fund,https://www.sbimf.com/campaign/sbi-elss-tax-saver-fund,SBI Mutual Fund,Current public page
SBI Mutual Fund - ELSS Funds,https://www.sbimf.com/campaign/elss,SBI Mutual Fund,Current public page
SBI Mutual Fund - ELSS educational guide,https://www.sbimf.com/learn-about-mutual-funds/elss-funds-tax-saving-wealth-creation,SBI Mutual Fund,Current public page
SBI Mutual Fund Homepage / Investor Services,https://www.sbimf.com/homepage-backup,SBI Mutual Fund,Current public page
SBI Mutual Fund - Grievance Redressal,https://www.sbimf.com/grievance-redressal,SBI Mutual Fund,Current public page
SBI Mutual Fund - Privacy Policy,https://www.sbimf.com/privacy-policy,SBI Mutual Fund,Current public page
SBI Mutual Fund e-Factsheet archive,https://www.sbimf.com/campaign/efactsheet/efactsheet-jan-2024/,SBI Mutual Fund,Archive page
SBI Mutual Fund - Our Blogs,https://www.sbimf.com/learn-about-mutual-funds/our-blogs,SBI Mutual Fund,Current public page
SBI Mutual Fund - Ways to Invest (public route),https://www.sbimf.com/ways-to-invest?page=JJJ2QQQ,SBI Mutual Fund,Current public page
SBI Mutual Fund - Contact / Investor Support,https://www.sbimf.com/services/contact-us/get-in-touch,SBI Mutual Fund,Current public page
SBI Mutual Fund SmartAssist,https://www.sbimf.com/smartassist/,SBI Mutual Fund,Current public page
SBI Large Cap Fund - March 2026 Factsheet,https://www.sbimf.com/docs/default-source/scheme-factsheets/all-sbimf-schemes-factsheet-march-2026.pdf?sfvrsn=4659a7f0_4,SBI Mutual Fund,31 Mar 2026
